filename,chroma_stft,rmse,spectral_centroid,spectral_bandwidth,rolloff,zero_crossing_rate,mfcc1,mfcc2,mfcc3,mfcc4,mfcc5,mfcc6,mfcc7,mfcc8,mfcc9,mfcc10,mfcc11,mfcc12,mfcc13,mfcc14,mfcc15,mfcc16,mfcc17,mfcc18,mfcc19,mfcc20
blues.00088.wav,0.37797731161117554,0.1420487016439438,1006.7589621973702,1530.437061484363,2074.679121365857,0.03206556574109907,-194.25453186035156,151.85714721679688,-1.1972692012786865,39.19805908203125,16.58161163330078,18.25757598876953,-1.396667718887329,14.883665084838867,-11.6176118850708,2.4517087936401367,-5.080099105834961,3.9460184574127197,-0.9004499316215515,0.638455867767334,-8.354743003845215,-7.515804290771484,-8.049328804016113,-5.410956859588623,-2.5356876850128174,0.12851206958293915
