filename,chroma_stft,rmse,spectral_centroid,spectral_bandwidth,rolloff,zero_crossing_rate,mfcc1,mfcc2,mfcc3,mfcc4,mfcc5,mfcc6,mfcc7,mfcc8,mfcc9,mfcc10,mfcc11,mfcc12,mfcc13,mfcc14,mfcc15,mfcc16,mfcc17,mfcc18,mfcc19,mfcc20
classical.00010.wav,0.24501508474349976,0.0295126773416996,1497.196639303261,1570.533625176997,2868.1493233601004,0.08621640987809598,-315.01275634765625,128.72962951660156,-28.923030853271484,30.837600708007812,-8.995137214660645,7.980527877807617,-9.84743881225586,1.450484037399292,-8.96462345123291,6.052196979522705,-3.320049524307251,7.604282855987549,3.7933435440063477,2.932729721069336,1.838371753692627,5.208351135253906,1.07466721534729,0.14240442216396332,-4.536049842834473,-2.303605318069458
