filename,chroma_stft,rmse,spectral_centroid,spectral_bandwidth,rolloff,zero_crossing_rate,mfcc1,mfcc2,mfcc3,mfcc4,mfcc5,mfcc6,mfcc7,mfcc8,mfcc9,mfcc10,mfcc11,mfcc12,mfcc13,mfcc14,mfcc15,mfcc16,mfcc17,mfcc18,mfcc19,mfcc20
rock.00032.wav,0.38334259390830994,0.2222049981355667,2345.9076015660726,2378.4020418550913,4735.838029702012,0.1154928768382353,-26.38433265686035,85.7879867553711,-16.963285446166992,35.26156234741211,10.000263214111328,10.667882919311523,1.4470316171646118,4.715183734893799,-0.040557458996772766,2.0757369995117188,0.42368391156196594,5.4298295974731445,-0.9478172063827515,0.4894903898239136,-1.5232219696044922,-2.4604337215423584,-5.874003887176514,-1.5481395721435547,-6.820892810821533,-1.3887057304382324
