filename,chroma_stft,rmse,spectral_centroid,spectral_bandwidth,rolloff,zero_crossing_rate,mfcc1,mfcc2,mfcc3,mfcc4,mfcc5,mfcc6,mfcc7,mfcc8,mfcc9,mfcc10,mfcc11,mfcc12,mfcc13,mfcc14,mfcc15,mfcc16,mfcc17,mfcc18,mfcc19,mfcc20
mySong.wav,0.34994322061538696,0.13022463023662567,1784.4204464946638,2002.6501916232637,3806.4853160373937,0.08306639113293343,-113.59674835205078,121.55729675292969,-19.158824920654297,42.35103225708008,-6.376458168029785,18.61887550354004,-13.697911262512207,15.34463119506836,-12.285266876220703,10.980491638183594,-8.324324607849121,8.8106689453125,-3.667367935180664,5.751690864562988,-5.162762641906738,0.7509479522705078,-1.691937804222107,-0.40995264053344727,-2.300208568572998,1.219928503036499
