filename,chroma_stft,rmse,spectral_centroid,spectral_bandwidth,rolloff,zero_crossing_rate,mfcc1,mfcc2,mfcc3,mfcc4,mfcc5,mfcc6,mfcc7,mfcc8,mfcc9,mfcc10,mfcc11,mfcc12,mfcc13,mfcc14,mfcc15,mfcc16,mfcc17,mfcc18,mfcc19,mfcc20
testSongs/blues2FromYoutube.wav,0.3156963586807251,0.10602472722530365,1323.949050615207,1644.6870141594927,2747.6167188709364,0.05317503749032508,-231.58489990234375,127.58821105957031,5.710983753204346,35.428558349609375,5.465339660644531,2.8515753746032715,-2.6777963638305664,-0.6036505699157715,1.391287088394165,-6.926461696624756,-4.977719306945801,4.210087776184082,-3.7355597019195557,-5.349562168121338,-3.636089563369751,0.357033371925354,-8.825850486755371,-2.98508358001709,0.8279613852500916,1.3237457275390625
