filename,chroma_stft,rmse,spectral_centroid,spectral_bandwidth,rolloff,zero_crossing_rate,mfcc1,mfcc2,mfcc3,mfcc4,mfcc5,mfcc6,mfcc7,mfcc8,mfcc9,mfcc10,mfcc11,mfcc12,mfcc13,mfcc14,mfcc15,mfcc16,mfcc17,mfcc18,mfcc19,mfcc20
testSongs/classicalFromYoutube.wav,0.31027400493621826,0.034387338906526566,798.7468406950329,1035.2271924014942,1658.5399710357005,0.03894761029411765,-442.2608337402344,194.32740783691406,7.198370456695557,4.921485424041748,17.445056915283203,-5.777704238891602,-1.6708228588104248,2.533235549926758,-5.779834747314453,-4.752257823944092,0.5687665939331055,2.467108964920044,3.2269721031188965,-0.35523226857185364,-2.4244580268859863,-2.3549418449401855,-5.089505672454834,-6.525009632110596,-10.204099655151367,-10.38388442993164
