filename,chroma_stft,rmse,spectral_centroid,spectral_bandwidth,rolloff,zero_crossing_rate,mfcc1,mfcc2,mfcc3,mfcc4,mfcc5,mfcc6,mfcc7,mfcc8,mfcc9,mfcc10,mfcc11,mfcc12,mfcc13,mfcc14,mfcc15,mfcc16,mfcc17,mfcc18,mfcc19,mfcc20
testSongs/jazzFromYoutube.wav,0.31107088923454285,0.10136555135250092,1250.070026299719,1659.4624885908968,2285.8195112954722,0.06454571703270123,-299.4635925292969,139.52001953125,41.47144317626953,29.11011505126953,5.8867011070251465,10.034647941589355,-7.645581245422363,-3.3375723361968994,-4.783002853393555,-1.4283299446105957,-3.554027557373047,-1.483831763267517,-4.7013163566589355,-3.1342501640319824,-3.5915908813476562,-3.353013038635254,-3.336439847946167,0.3372364044189453,-0.6478611826896667,3.2812583446502686
