filename,chroma_stft,rms,spectral_centroid,spectral_bandwidth,rolloff,zero_crossing_rate,mfcc1,mfcc2,mfcc3,mfcc4,mfcc5,mfcc6,mfcc7,mfcc8,mfcc9,mfcc10,mfcc11,mfcc12,mfcc13,mfcc14,mfcc15,mfcc16,mfcc17,mfcc18,mfcc19,mfcc20
testSongs/bluesFromYoutube.wav,0.2562572956085205,0.08649680763483047,869.9607696896844,1443.395712409243,1620.598533795714,0.02891025602263932,-372.1578063964844,131.57797241210938,38.64325714111328,24.09698486328125,13.186562538146973,11.17418384552002,-6.124059200286865,-10.659417152404785,-10.068819999694824,-8.950570106506348,-11.67731761932373,-12.060462951660156,-11.35999870300293,-6.907970905303955,-7.46362829208374,-8.12343978881836,-9.44107723236084,-8.1873140335083,-8.78985595703125,-5.137065887451172
