filename,chroma_stft,rms,spectral_centroid,spectral_bandwidth,rolloff,zero_crossing_rate,mfcc1,mfcc2,mfcc3,mfcc4,mfcc5,mfcc6,mfcc7,mfcc8,mfcc9,mfcc10,mfcc11,mfcc12,mfcc13,mfcc14,mfcc15,mfcc16,mfcc17,mfcc18,mfcc19,mfcc20
testSongs/countryFromYoutube.wav,0.4063461720943451,0.06808245182037354,2083.382669570635,2385.0524081237086,4499.247793664135,0.079833984375,-197.09793090820312,94.7005615234375,5.831003665924072,37.48855209350586,8.484435081481934,10.745548248291016,4.571362018585205,9.524208068847656,-4.228532791137695,8.179032325744629,-3.757741928100586,5.235125541687012,-2.9231226444244385,-0.10781624168157578,-5.548306465148926,4.15635347366333,-2.762437105178833,6.087149143218994,-4.377535343170166,1.078363299369812
