filename,chroma_stft,rms,spectral_centroid,spectral_bandwidth,rolloff,zero_crossing_rate,mfcc1,mfcc2,mfcc3,mfcc4,mfcc5,mfcc6,mfcc7,mfcc8,mfcc9,mfcc10,mfcc11,mfcc12,mfcc13,mfcc14,mfcc15,mfcc16,mfcc17,mfcc18,mfcc19,mfcc20
country.00000.wav,0.38370805978775024,0.24849946796894073,2797.736904436212,2847.6429186234113,6220.395719451432,0.10713729622194272,-23.153112411499023,70.26318359375,3.8239803314208984,28.330156326293945,13.765730857849121,5.726931571960449,3.9810235500335693,7.452510356903076,2.650918960571289,8.498515129089355,-2.2859034538269043,2.080440044403076,-3.3802077770233154,5.124364376068115,-0.1774868369102478,0.36110061407089233,0.5853641629219055,4.028057098388672,0.9282090663909912,4.09014368057251
