filename,chroma_stft,rms,spectral_centroid,spectral_bandwidth,rolloff,zero_crossing_rate,mfcc1,mfcc2,mfcc3,mfcc4,mfcc5,mfcc6,mfcc7,mfcc8,mfcc9,mfcc10,mfcc11,mfcc12,mfcc13,mfcc14,mfcc15,mfcc16,mfcc17,mfcc18,mfcc19,mfcc20
disco.00006.wav,0.4739483892917633,0.19201502203941345,2848.186030123322,2490.5706034471855,5506.541702695676,0.16366529907604488,-14.557193756103516,65.2037582397461,-19.879186630249023,31.512121200561523,-4.827591896057129,11.86234188079834,9.990596771240234,5.957132816314697,-3.801478147506714,9.382819175720215,-4.385249614715576,3.3407459259033203,-4.447218418121338,-1.2698432207107544,-0.8395495414733887,-2.2001593112945557,-4.737130641937256,-2.6174349784851074,-7.4667181968688965,0.2291897088289261
