filename,chroma_stft,rmse,spectral_centroid,spectral_bandwidth,rolloff,zero_crossing_rate,mfcc1,mfcc2,mfcc3,mfcc4,mfcc5,mfcc6,mfcc7,mfcc8,mfcc9,mfcc10,mfcc11,mfcc12,mfcc13,mfcc14,mfcc15,mfcc16,mfcc17,mfcc18,mfcc19,mfcc20
testSongs/discoFromYoutube.wav,0.4045557379722595,0.1176670640707016,1749.8960471849828,1897.4368485619818,3379.812896067144,0.09112643309791021,-128.68350219726562,124.95475769042969,-26.90104103088379,5.293186187744141,11.071492195129395,15.348416328430176,1.4090925455093384,11.640327453613281,-1.9097224473953247,-2.625448226928711,-3.1159157752990723,-1.856795310974121,-3.333883762359619,-2.2705471515655518,-2.0309062004089355,0.1821194589138031,-4.665654182434082,0.20771273970603943,-0.8488638401031494,0.1917765885591507
