filename,chroma_stft,rms,spectral_centroid,spectral_bandwidth,rolloff,zero_crossing_rate,mfcc1,mfcc2,mfcc3,mfcc4,mfcc5,mfcc6,mfcc7,mfcc8,mfcc9,mfcc10,mfcc11,mfcc12,mfcc13,mfcc14,mfcc15,mfcc16,mfcc17,mfcc18,mfcc19,mfcc20
hiphop.00084.wav,0.5133450031280518,0.06590951234102249,2044.3436965818544,1933.7448229274303,4074.867026503241,0.10514864611551858,-214.28787231445312,100.31262969970703,-33.45451736450195,47.25670623779297,-8.954817771911621,12.982813835144043,-17.32346534729004,11.066534996032715,-11.720985412597656,8.807279586791992,-7.831613063812256,6.26483154296875,-0.09681554138660431,4.896978855133057,1.2013030052185059,3.7832508087158203,1.474665641784668,3.4860846996307373,0.6565989255905151,4.151620864868164
