filename,chroma_stft,rms,spectral_centroid,spectral_bandwidth,rolloff,zero_crossing_rate,mfcc1,mfcc2,mfcc3,mfcc4,mfcc5,mfcc6,mfcc7,mfcc8,mfcc9,mfcc10,mfcc11,mfcc12,mfcc13,mfcc14,mfcc15,mfcc16,mfcc17,mfcc18,mfcc19,mfcc20
jazz.00026.wav,0.20187561213970184,0.03194539248943329,1367.353770740021,1638.7828965173615,2631.6507534345974,0.05863569985971362,-414.1078796386719,104.86338806152344,-7.811813831329346,37.879798889160156,0.20938876271247864,23.42264175415039,-7.276942253112793,5.774318695068359,-1.048194408416748,8.507360458374023,-5.496065616607666,0.8796741962432861,-1.4769151210784912,7.716929912567139,1.2548962831497192,6.038639068603516,5.24702787399292,2.429527759552002,7.601008415222168,9.80226993560791
