filename,chroma_stft,rmse,spectral_centroid,spectral_bandwidth,rolloff,zero_crossing_rate,mfcc1,mfcc2,mfcc3,mfcc4,mfcc5,mfcc6,mfcc7,mfcc8,mfcc9,mfcc10,mfcc11,mfcc12,mfcc13,mfcc14,mfcc15,mfcc16,mfcc17,mfcc18,mfcc19,mfcc20
metal.00085.wav,0.440987765789032,0.15197287499904633,2646.9473439709695,2256.5212726655427,5304.851255623549,0.15778135884287925,-46.5992317199707,86.81838989257812,-34.78135681152344,49.91185760498047,-18.18956184387207,28.734132766723633,-23.489120483398438,15.670042991638184,-8.939400672912598,10.606578826904297,-18.187376022338867,12.451695442199707,-13.558157920837402,4.675013065338135,-11.677200317382812,5.325623512268066,-13.554408073425293,1.3755296468734741,-4.732565402984619,-3.1241517066955566
