filename,chroma_stft,rms,spectral_centroid,spectral_bandwidth,rolloff,zero_crossing_rate,mfcc1,mfcc2,mfcc3,mfcc4,mfcc5,mfcc6,mfcc7,mfcc8,mfcc9,mfcc10,mfcc11,mfcc12,mfcc13,mfcc14,mfcc15,mfcc16,mfcc17,mfcc18,mfcc19,mfcc20
testSongs/metal2FromYoutube.wav,0.49167439341545105,0.26037517189979553,2148.5589525686783,2297.2617572951053,4566.797385200996,0.08284681574109908,-52.794673919677734,79.8180923461914,-5.041114807128906,37.488609313964844,10.624464988708496,10.473003387451172,5.9341559410095215,10.70175552368164,0.9710822105407715,4.51230525970459,-1.0201268196105957,6.280447959899902,-2.368906021118164,5.6603851318359375,-1.8187165260314941,3.8191564083099365,-4.9355363845825195,1.7669684886932373,-0.8128757476806641,4.488387584686279
