filename,chroma_stft,rmse,spectral_centroid,spectral_bandwidth,rolloff,zero_crossing_rate,mfcc1,mfcc2,mfcc3,mfcc4,mfcc5,mfcc6,mfcc7,mfcc8,mfcc9,mfcc10,mfcc11,mfcc12,mfcc13,mfcc14,mfcc15,mfcc16,mfcc17,mfcc18,mfcc19,mfcc20
testSongs/metalFromYoutube.wav,0.56174635887146,0.13811250030994415,2742.0403878953352,2401.49393288347,5481.391854773365,0.14613290320239938,-73.60433197021484,69.58200073242188,-14.903178215026855,44.60932540893555,3.368431568145752,11.55839729309082,-1.30497407913208,8.464841842651367,-0.617911696434021,1.6163791418075562,-4.43027400970459,2.705930233001709,0.02156427688896656,-1.5051414966583252,-6.664611339569092,0.14078405499458313,-6.5911455154418945,-0.07931232452392578,-5.165041923522949,1.2596474885940552
