filename,chroma_stft,rms,spectral_centroid,spectral_bandwidth,rolloff,zero_crossing_rate,mfcc1,mfcc2,mfcc3,mfcc4,mfcc5,mfcc6,mfcc7,mfcc8,mfcc9,mfcc10,mfcc11,mfcc12,mfcc13,mfcc14,mfcc15,mfcc16,mfcc17,mfcc18,mfcc19,mfcc20
testSongs/metal3FromYoutube.wav,0.5368510484695435,0.11669199168682098,2889.2608952271585,2356.669789587137,5510.041681531782,0.177302782749613,-83.3952407836914,63.047298431396484,-36.19518280029297,35.241966247558594,0.8228442072868347,8.066848754882812,0.9914079308509827,8.367999076843262,-0.44823670387268066,7.049092769622803,2.6019058227539062,4.069424629211426,-3.5583643913269043,-0.4785118103027344,-10.453786849975586,3.0308408737182617,-6.762246131896973,0.08212563395500183,-2.0508363246917725,-0.8973221182823181
