filename,chroma_stft,rms,spectral_centroid,spectral_bandwidth,rolloff,zero_crossing_rate,mfcc1,mfcc2,mfcc3,mfcc4,mfcc5,mfcc6,mfcc7,mfcc8,mfcc9,mfcc10,mfcc11,mfcc12,mfcc13,mfcc14,mfcc15,mfcc16,mfcc17,mfcc18,mfcc19,mfcc20
testSongs/pop2FromYoutube.wav,0.25926750898361206,0.09125799685716629,1759.595224265211,2036.429774887513,3486.2955855142222,0.08271794274864551,-208.90365600585938,134.19386291503906,-7.4346723556518555,-0.8845828175544739,-2.9858851432800293,-11.420462608337402,-4.618491172790527,-10.769231796264648,0.9767099022865295,-10.146204948425293,-8.715058326721191,-7.446844577789307,-7.128734111785889,-5.173331260681152,-16.999088287353516,-9.921621322631836,-9.737573623657227,-11.637063980102539,-17.434799194335938,-10.536096572875977
