filename,chroma_stft,rms,spectral_centroid,spectral_bandwidth,rolloff,zero_crossing_rate,mfcc1,mfcc2,mfcc3,mfcc4,mfcc5,mfcc6,mfcc7,mfcc8,mfcc9,mfcc10,mfcc11,mfcc12,mfcc13,mfcc14,mfcc15,mfcc16,mfcc17,mfcc18,mfcc19,mfcc20
testSongs/popFromYoutube.wav,0.27030953764915466,0.11576080322265625,1542.968794245997,1841.668489631628,2945.54885533572,0.06716777222813468,-199.33828735351562,136.737548828125,3.8252148628234863,5.157145023345947,-4.201551914215088,-5.99169397354126,-5.455333232879639,-5.611026763916016,-5.374709129333496,0.8831120729446411,-10.203949928283691,-0.36618727445602417,-7.814809322357178,0.9455267190933228,-4.354461669921875,-2.5892300605773926,-7.304059982299805,-2.863295316696167,-11.159576416015625,-5.541017055511475
