filename,chroma_stft,rms,spectral_centroid,spectral_bandwidth,rolloff,zero_crossing_rate,mfcc1,mfcc2,mfcc3,mfcc4,mfcc5,mfcc6,mfcc7,mfcc8,mfcc9,mfcc10,mfcc11,mfcc12,mfcc13,mfcc14,mfcc15,mfcc16,mfcc17,mfcc18,mfcc19,mfcc20
pop.00056.wav,0.47295790910720825,0.25002172589302063,3681.0439984188665,3221.525265134618,7565.829250465606,0.14562421391253869,-80.41470336914062,35.9559211730957,20.390457153320312,26.37968635559082,17.383705139160156,4.596244812011719,13.504854202270508,3.6237101554870605,7.3203125,5.479349136352539,3.9611473083496094,5.3236918449401855,3.5452346801757812,0.5163803100585938,0.18786989152431488,-1.124468445777893,3.5269408226013184,1.4433943033218384,0.4812796413898468,-1.794695258140564
