filename,chroma_stft,rmse,spectral_centroid,spectral_bandwidth,rolloff,zero_crossing_rate,mfcc1,mfcc2,mfcc3,mfcc4,mfcc5,mfcc6,mfcc7,mfcc8,mfcc9,mfcc10,mfcc11,mfcc12,mfcc13,mfcc14,mfcc15,mfcc16,mfcc17,mfcc18,mfcc19,mfcc20
reggae.00066.wav,0.38922953605651855,0.12917672097682953,1629.1886760787374,1886.452718494085,3258.8302942990517,0.06711183908184984,-147.06800842285156,120.10498809814453,-21.596647262573242,39.6547737121582,6.949635982513428,15.096129417419434,-1.0165282487869263,15.945046424865723,2.531153917312622,4.510888576507568,0.015021899715065956,4.3355536460876465,4.637523174285889,4.007741928100586,3.050734281539917,0.5424565672874451,-6.143035411834717,-1.6495625972747803,-0.7238478660583496,0.20503249764442444
