filename,chroma_stft,rms,spectral_centroid,spectral_bandwidth,rolloff,zero_crossing_rate,mfcc1,mfcc2,mfcc3,mfcc4,mfcc5,mfcc6,mfcc7,mfcc8,mfcc9,mfcc10,mfcc11,mfcc12,mfcc13,mfcc14,mfcc15,mfcc16,mfcc17,mfcc18,mfcc19,mfcc20
testSongs/reggaeFromYoutube.wav,0.3698510527610779,0.14281418919563293,1274.465827295516,1561.0828029369518,2299.4527621904026,0.06320596700851393,-157.1544647216797,147.5191192626953,-26.96278190612793,19.17671012878418,7.595273017883301,15.262154579162598,4.845774173736572,6.51636266708374,-5.094686031341553,0.24761424958705902,-3.0533807277679443,1.5612895488739014,-0.9993925094604492,-0.7403935790061951,-0.6815363168716431,-1.6567974090576172,-1.7110769748687744,-0.4913610816001892,-0.9908586144447327,1.627566933631897
