filename,chroma_stft,rms,spectral_centroid,spectral_bandwidth,rolloff,zero_crossing_rate,mfcc1,mfcc2,mfcc3,mfcc4,mfcc5,mfcc6,mfcc7,mfcc8,mfcc9,mfcc10,mfcc11,mfcc12,mfcc13,mfcc14,mfcc15,mfcc16,mfcc17,mfcc18,mfcc19,mfcc20
testSongs/rockFromYoutube.wav,0.48321300745010376,0.04786732420325279,1734.5340753675741,1801.6503136368228,3444.045840992647,0.08632109556404799,-257.869384765625,113.6353759765625,-23.772621154785156,38.04832458496094,15.457772254943848,8.954947471618652,1.0428955554962158,8.41120719909668,3.170609712600708,3.8401718139648438,-0.29027658700942993,1.8149950504302979,-4.913926601409912,-2.003260850906372,-6.0114593505859375,-2.5581741333007812,-8.308500289916992,-2.803278923034668,-1.9601682424545288,-0.9966958165168762
